Player,FGM,FG Att,Blk,XPM,XPA,XP_Blk,1-19_A,1-19_M,20-29_A,20-29_M,30-39_A,30-39_M,40-49_A,40-49_M,50+_A,50+_M,PSs,Lng,Team
Adam Vinatieri,56.0,69.0,1.0,70.0,71.0,0.0,1.0,1.0,21.0,20.0,17.0,14.0,23.0,16.0,7.0,5.0,15.0,53.0,NENENENENENENEINDINDINDINDINDINDINDIND
Al Del Greco,14.0,22.0,3.0,21.0,21.0,0.0,0.0,0.0,4.0,4.0,6.0,3.0,11.0,6.0,1.0,1.0,5.0,53.0,HOUHOUHOUTENTEN
Alex Henery,1.0,2.0,0.0,3.0,3.0,0.0,0.0,0.0,0.0,0.0,1.0,1.0,1.0,0.0,0.0,0.0,1.0,31.0,PHI
Ali Haji-Sheikh,5.0,9.0,0.0,13.0,13.0,0.0,0.0,0.0,0.0,0.0,0.0,0.0,0.0,0.0,0.0,0.0,2.0,46.0,NYGWAS
Andrew Franks,2.0,2.0,0.0,0.0,0.0,0.0,0.0,0.0,0.0,0.0,1.0,1.0,1.0,1.0,0.0,0.0,1.0,47.0,MIA
Bill Capece,1.0,1.0,0.0,2.0,2.0,0.0,0.0,0.0,0.0,0.0,0.0,0.0,0.0,0.0,0.0,0.0,1.0,32.0,TB
Billy Cundiff,12.0,14.0,0.0,14.0,14.0,0.0,1.0,1.0,7.0,7.0,3.0,2.0,3.0,2.0,0.0,0.0,5.0,48.0,DALNOBALBALBAL
Blair Walsh,4.0,5.0,0.0,1.0,1.0,0.0,0.0,0.0,2.0,1.0,1.0,1.0,2.0,2.0,0.0,0.0,2.0,47.0,MINMIN
Bob Thomas,2.0,4.0,0.0,5.0,6.0,0.0,0.0,0.0,0.0,0.0,0.0,0.0,0.0,0.0,0.0,0.0,3.0,34.0,CHICHICHI
Booth Lusteg,0.0,0.0,0.0,1.0,1.0,0.0,0.0,0.0,0.0,0.0,0.0,0.0,0.0,0.0,0.0,0.0,1.0,0.0,BUF
Brad Daluiso,9.0,10.0,0.0,9.0,9.0,0.0,0.0,0.0,5.0,5.0,1.0,1.0,3.0,2.0,1.0,1.0,2.0,51.0,NYGNYG
Brandon McManus,10.0,10.0,0.0,3.0,3.0,0.0,0.0,0.0,1.0,1.0,4.0,4.0,3.0,3.0,2.0,2.0,1.0,52.0,DEN
Brett Conway,4.0,5.0,1.0,4.0,4.0,0.0,0.0,0.0,2.0,2.0,2.0,1.0,1.0,1.0,0.0,0.0,1.0,48.0,WAS
Brett Maher,1.0,2.0,0.0,5.0,5.0,0.0,0.0,0.0,0.0,0.0,1.0,1.0,0.0,0.0,1.0,0.0,1.0,39.0,DAL
Bruce Gossett,6.0,15.0,0.0,13.0,13.0,0.0,0.0,0.0,0.0,0.0,0.0,0.0,0.0,0.0,0.0,0.0,5.0,0.0,LALASFSFSF
Cairo Santos,6.0,6.0,0.0,6.0,6.0,0.0,0.0,0.0,0.0,0.0,3.0,3.0,3.0,3.0,0.0,0.0,2.0,49.0,KCKC
Cary Blanchard,4.0,7.0,0.0,9.0,9.0,0.0,0.0,0.0,0.0,0.0,4.0,4.0,3.0,0.0,0.0,0.0,2.0,37.0,INDIND
Chandler Catanzaro,2.0,2.0,0.0,5.0,5.0,0.0,0.0,0.0,1.0,1.0,1.0,1.0,0.0,0.0,0.0,0.0,2.0,36.0,ARIARI
Chester Marcol,1.0,2.0,0.0,0.0,0.0,0.0,0.0,0.0,0.0,0.0,0.0,0.0,0.0,0.0,0.0,0.0,1.0,0.0,GB
Chip Lohmiller,12.0,18.0,0.0,19.0,19.0,0.0,1.0,1.0,5.0,4.0,4.0,3.0,3.0,1.0,2.0,0.0,3.0,44.0,WASWASWAS
Chris Bahr,15.0,19.0,0.0,33.0,33.0,0.0,0.0,0.0,0.0,0.0,0.0,0.0,0.0,0.0,0.0,0.0,5.0,47.0,OAKRAIRAIRAIRAI
Chris Boniol,13.0,15.0,0.0,24.0,24.0,0.0,1.0,1.0,8.0,7.0,4.0,3.0,1.0,1.0,1.0,1.0,3.0,51.0,DALDALDAL
Chris Boswell,15.0,15.0,0.0,10.0,12.0,0.0,0.0,0.0,3.0,3.0,7.0,7.0,5.0,5.0,0.0,0.0,3.0,47.0,PITPITPIT
Chris Jacke,17.0,24.0,1.0,33.0,33.0,0.0,0.0,0.0,5.0,5.0,10.0,8.0,7.0,2.0,2.0,2.0,5.0,51.0,GBGBGBGBARI
Chuck Nelson,10.0,11.0,0.0,13.0,14.0,0.0,0.0,0.0,0.0,0.0,0.0,0.0,0.0,0.0,0.0,0.0,2.0,47.0,MINMIN
Cody Parkey,3.0,4.0,1.0,0.0,0.0,0.0,0.0,0.0,1.0,1.0,2.0,2.0,1.0,0.0,0.0,0.0,1.0,36.0,CHI
Connor Barth,2.0,2.0,0.0,1.0,1.0,0.0,0.0,0.0,0.0,0.0,0.0,0.0,2.0,2.0,0.0,0.0,1.0,45.0,DEN
Craig Hentrich,0.0,0.0,0.0,1.0,1.0,0.0,0.0,0.0,0.0,0.0,0.0,0.0,0.0,0.0,0.0,0.0,1.0,0.0,TEN
Curt Knight,11.0,15.0,0.0,8.0,8.0,0.0,0.0,0.0,0.0,0.0,0.0,0.0,0.0,0.0,0.0,0.0,3.0,0.0,WASWASWAS
Dan Bailey,7.0,9.0,1.0,11.0,11.0,0.0,0.0,0.0,1.0,1.0,2.0,2.0,2.0,1.0,4.0,3.0,3.0,52.0,DALDALMIN
Dan Carpenter,1.0,1.0,0.0,0.0,1.0,1.0,1.0,1.0,0.0,0.0,0.0,0.0,0.0,0.0,0.0,0.0,1.0,19.0,MIA
Danny Villanueva,4.0,5.0,0.0,12.0,12.0,0.0,0.0,0.0,0.0,0.0,0.0,0.0,0.0,0.0,0.0,0.0,2.0,0.0,DALDAL
Dave Green,0.0,0.0,0.0,4.0,4.0,0.0,0.0,0.0,0.0,0.0,0.0,0.0,0.0,0.0,0.0,0.0,1.0,0.0,CIN
David Akers,39.0,47.0,0.0,58.0,59.0,0.0,1.0,1.0,12.0,12.0,21.0,16.0,11.0,9.0,2.0,1.0,11.0,51.0,PHIPHIPHIPHIPHIPHIPHIPHIPHISFSF
David Posey,0.0,1.0,0.0,2.0,2.0,0.0,0.0,0.0,0.0,0.0,0.0,0.0,0.0,0.0,0.0,0.0,1.0,0.0,NE
David Ray,6.0,11.0,0.0,3.0,3.0,0.0,0.0,0.0,0.0,0.0,0.0,0.0,0.0,0.0,0.0,0.0,2.0,0.0,LALA
David Treadwell,9.0,14.0,0.0,12.0,13.0,0.0,0.0,0.0,3.0,3.0,2.0,0.0,3.0,1.0,0.0,0.0,3.0,49.0,DENDENNYG
Dean Biasucci,0.0,0.0,0.0,3.0,3.0,0.0,0.0,0.0,0.0,0.0,0.0,0.0,0.0,0.0,0.0,0.0,1.0,0.0,IND
Don Chandler,4.0,6.0,0.0,19.0,20.0,0.0,0.0,0.0,0.0,0.0,0.0,0.0,0.0,0.0,0.0,0.0,2.0,0.0,GBGB
Don Cockroft,5.0,13.0,0.0,12.0,13.0,0.0,0.0,0.0,0.0,0.0,0.0,0.0,0.0,0.0,0.0,0.0,5.0,30.0,CLECLECLECLECLE
Doug Brien,7.0,11.0,0.0,26.0,27.0,0.0,0.0,0.0,1.0,1.0,5.0,4.0,5.0,2.0,0.0,0.0,3.0,42.0,SFNONYJ
Dustin Hopkins,1.0,1.0,0.0,1.0,2.0,0.0,0.0,0.0,1.0,1.0,0.0,0.0,0.0,0.0,0.0,0.0,1.0,25.0,WAS
Eddie Murray,15.0,19.0,1.0,25.0,25.0,0.0,1.0,1.0,5.0,5.0,3.0,3.0,4.0,2.0,1.0,1.0,6.0,54.0,DETDETDETDALMINDAL
Efren Herrera,7.0,10.0,0.0,10.0,11.0,0.0,0.0,0.0,0.0,0.0,0.0,0.0,0.0,0.0,0.0,0.0,2.0,44.0,DALDAL
Eric Schubert,1.0,5.0,0.0,2.0,2.0,0.0,0.0,0.0,0.0,0.0,0.0,0.0,0.0,0.0,0.0,0.0,1.0,47.0,NYG
Errol Mann,6.0,9.0,0.0,14.0,16.0,0.0,0.0,0.0,0.0,0.0,0.0,0.0,0.0,0.0,0.0,0.0,2.0,40.0,OAKOAK
Frank Corral,7.0,11.0,0.0,9.0,11.0,0.0,0.0,0.0,0.0,0.0,0.0,0.0,0.0,0.0,0.0,0.0,3.0,45.0,LALALA
Fred Cox,11.0,18.0,0.0,38.0,40.0,0.0,0.0,0.0,0.0,0.0,0.0,0.0,0.0,0.0,0.0,0.0,9.0,37.0,MINMINMINMINMINMINMINMINMIN
Fred Steinfort,0.0,1.0,0.0,0.0,0.0,0.0,0.0,0.0,0.0,0.0,0.0,0.0,0.0,0.0,0.0,0.0,1.0,0.0,DEN
Fuad Reveiz,4.0,6.0,0.0,7.0,7.0,0.0,0.0,0.0,1.0,1.0,0.0,0.0,1.0,1.0,1.0,1.0,4.0,52.0,MIAMINMINMIN
Garo Yepremian,12.0,20.0,0.0,28.0,29.0,0.0,0.0,0.0,0.0,0.0,0.0,0.0,0.0,0.0,0.0,0.0,6.0,0.0,MIAMIAMIAMIAMIAMIA
Garrett Hartley,8.0,8.0,0.0,15.0,15.0,0.0,0.0,0.0,3.0,3.0,0.0,0.0,5.0,5.0,0.0,0.0,2.0,47.0,NONO
Gary Anderson,32.0,40.0,1.0,57.0,57.0,0.0,0.0,0.0,7.0,7.0,12.0,10.0,8.0,6.0,0.0,0.0,14.0,50.0,PITPITPITPITPITPITPITPHIPHISFMINMINMINTEN
George Blanda,19.0,33.0,0.0,42.0,42.0,0.0,0.0,0.0,0.0,0.0,0.0,0.0,0.0,0.0,0.0,0.0,8.0,41.0,OAKOAKOAKOAKOAKOAKOAKOAK
Graham Gano,12.0,15.0,0.0,18.0,18.0,0.0,0.0,0.0,5.0,4.0,4.0,4.0,5.0,3.0,1.0,1.0,4.0,58.0,CARCARCARCAR
Greg Joseph,1.0,1.0,0.0,9.0,9.0,0.0,0.0,0.0,0.0,0.0,1.0,1.0,0.0,0.0,0.0,0.0,1.0,30.0,TEN
Greg Zuerlein,8.0,10.0,0.0,5.0,5.0,0.0,0.0,0.0,3.0,3.0,1.0,1.0,3.0,2.0,3.0,2.0,1.0,57.0,LA
Harrison Butker,4.0,5.0,0.0,26.0,27.0,0.0,0.0,0.0,1.0,1.0,3.0,3.0,1.0,0.0,0.0,0.0,3.0,39.0,KCKCKC
Horst Muhlmann,3.0,4.0,0.0,1.0,1.0,0.0,0.0,0.0,0.0,0.0,0.0,0.0,0.0,0.0,0.0,0.0,2.0,0.0,CINCIN
Jake Elliott,11.0,11.0,0.0,10.0,12.0,0.0,0.0,0.0,3.0,3.0,3.0,3.0,4.0,4.0,1.0,1.0,3.0,53.0,PHIPHIPHI
Jan Stenerud,13.0,21.0,0.0,15.0,16.0,0.0,0.0,0.0,0.0,0.0,0.0,0.0,0.0,0.0,0.0,0.0,4.0,46.0,KCKCKCGB
Jason Elam,16.0,19.0,1.0,42.0,43.0,1.0,0.0,0.0,2.0,2.0,9.0,8.0,6.0,4.0,2.0,2.0,9.0,51.0,DENDENDENDENDENDENDENDENATL
Jason Hanson,3.0,4.0,0.0,13.0,13.0,0.0,0.0,0.0,0.0,0.0,3.0,2.0,1.0,1.0,0.0,0.0,6.0,47.0,DETDETDETDETDETDET
Jason Myers,2.0,4.0,1.0,4.0,4.0,0.0,0.0,0.0,0.0,0.0,1.0,0.0,2.0,2.0,1.0,0.0,1.0,49.0,SEA
Jay Feely,11.0,16.0,0.0,19.0,19.0,0.0,0.0,0.0,6.0,6.0,3.0,2.0,5.0,2.0,2.0,1.0,4.0,52.0,ATLATLNYGNYJ
Jeff Chandler,3.0,3.0,0.0,2.0,2.0,0.0,0.0,0.0,2.0,2.0,0.0,0.0,1.0,1.0,0.0,0.0,1.0,40.0,SF
Jeff Jaeger,6.0,7.0,0.0,10.0,11.0,0.0,0.0,0.0,1.0,1.0,2.0,2.0,1.0,0.0,0.0,0.0,3.0,49.0,RAIRAIRAI
Jeff Reed,16.0,18.0,0.0,37.0,37.0,0.0,1.0,1.0,4.0,4.0,4.0,4.0,9.0,7.0,0.0,0.0,5.0,47.0,PITPITPITPITPIT
Jeff Wilkins,18.0,24.0,0.0,32.0,32.0,0.0,0.0,0.0,11.0,11.0,4.0,3.0,3.0,1.0,6.0,3.0,7.0,55.0,SFSFSTLSTLSTLSTLSTL
Jess Atkinson,6.0,6.0,0.0,4.0,4.0,0.0,0.0,0.0,0.0,0.0,0.0,0.0,0.0,0.0,0.0,0.0,1.0,38.0,WAS
Jim Bakken,1.0,2.0,0.0,4.0,5.0,0.0,0.0,0.0,0.0,0.0,0.0,0.0,0.0,0.0,0.0,0.0,2.0,29.0,STLSTL
Jim Breech,9.0,11.0,0.0,25.0,25.0,0.0,0.0,0.0,0.0,0.0,0.0,0.0,0.0,0.0,0.0,0.0,4.0,43.0,CINCINCINCIN
Jim O'Brien,6.0,14.0,0.0,8.0,9.0,0.0,0.0,0.0,0.0,0.0,0.0,0.0,0.0,0.0,0.0,0.0,2.0,0.0,BALBAL
Jim Turner,11.0,18.0,0.0,13.0,13.0,0.0,0.0,0.0,0.0,0.0,0.0,0.0,0.0,0.0,0.0,0.0,5.0,47.0,NYJNYJDENDENDEN
Joe Danelo,1.0,3.0,0.0,6.0,6.0,0.0,0.0,0.0,0.0,0.0,0.0,0.0,0.0,0.0,0.0,0.0,1.0,48.0,NYG
Joe Nedney,3.0,4.0,0.0,6.0,6.0,0.0,0.0,0.0,2.0,2.0,0.0,0.0,2.0,1.0,0.0,0.0,1.0,42.0,TEN
John Carney,12.0,15.0,0.0,14.0,14.0,0.0,0.0,0.0,5.0,5.0,6.0,6.0,2.0,0.0,2.0,1.0,5.0,54.0,SDSDSDNONYG
John Hall,9.0,14.0,1.0,17.0,17.0,0.0,0.0,0.0,1.0,1.0,5.0,4.0,7.0,3.0,1.0,1.0,4.0,52.0,NYJNYJNYJWAS
John Kasay,23.0,25.0,0.0,27.0,28.0,0.0,3.0,3.0,5.0,5.0,8.0,8.0,6.0,5.0,3.0,2.0,5.0,52.0,CARCARCARCARNO
John Leypoldt,0.0,0.0,0.0,2.0,2.0,0.0,0.0,0.0,0.0,0.0,0.0,0.0,0.0,0.0,0.0,0.0,1.0,0.0,BUF
John Smith,2.0,3.0,0.0,4.0,4.0,0.0,0.0,0.0,0.0,0.0,0.0,0.0,0.0,0.0,0.0,0.0,2.0,42.0,NENE
John Wittenborn,0.0,0.0,0.0,1.0,1.0,0.0,0.0,0.0,0.0,0.0,0.0,0.0,0.0,0.0,0.0,0.0,1.0,0.0,HOU
Jose Cortez,0.0,1.0,1.0,1.0,1.0,0.0,0.0,0.0,0.0,0.0,1.0,0.0,0.0,0.0,0.0,0.0,1.0,0.0,SF
Josh Brown,18.0,21.0,0.0,22.0,22.0,0.0,0.0,0.0,4.0,4.0,9.0,9.0,5.0,4.0,3.0,1.0,6.0,50.0,SEASEASEASEASEACIN
Josh Lambo,4.0,4.0,0.0,9.0,9.0,0.0,0.0,0.0,0.0,0.0,0.0,0.0,3.0,3.0,1.0,1.0,1.0,54.0,JAX
Josh Scobee,4.0,6.0,0.0,6.0,6.0,0.0,0.0,0.0,2.0,2.0,2.0,2.0,2.0,0.0,0.0,0.0,2.0,39.0,JACJAC
Justin Tucker,11.0,12.0,0.0,25.0,25.0,0.0,1.0,1.0,4.0,4.0,2.0,2.0,3.0,3.0,2.0,1.0,4.0,52.0,BALBALBALBAL
Ka'imi Fairbairn,3.0,4.0,0.0,5.0,5.0,0.0,0.0,0.0,1.0,1.0,1.0,1.0,1.0,1.0,1.0,0.0,2.0,41.0,HOUHOU
Kai Forbath,3.0,4.0,0.0,5.0,5.0,0.0,0.0,0.0,1.0,1.0,0.0,0.0,2.0,1.0,1.0,1.0,2.0,53.0,WASMIN
Ken Willis,3.0,5.0,0.0,2.0,2.0,0.0,0.0,0.0,3.0,3.0,1.0,0.0,1.0,0.0,0.0,0.0,1.0,28.0,DAL
Kevin Butler,17.0,24.0,0.0,23.0,23.0,0.0,1.0,1.0,0.0,0.0,1.0,1.0,1.0,1.0,0.0,0.0,7.0,46.0,CHICHICHICHICHICHICHI
Kris Brown,3.0,5.0,1.0,5.0,5.0,0.0,0.0,0.0,1.0,1.0,3.0,1.0,1.0,1.0,0.0,0.0,1.0,46.0,PIT
Lawrence Tynes,13.0,18.0,1.0,20.0,20.0,0.0,0.0,0.0,5.0,4.0,10.0,8.0,3.0,1.0,0.0,0.0,3.0,47.0,KCNYGNYG
Lin Elliott,5.0,9.0,0.0,17.0,18.0,1.0,0.0,0.0,4.0,4.0,2.0,0.0,3.0,1.0,0.0,0.0,3.0,43.0,DALKCKC
Lou Groza,0.0,1.0,0.0,2.0,2.0,0.0,0.0,0.0,0.0,0.0,0.0,0.0,0.0,0.0,0.0,0.0,1.0,0.0,CLE
Lou Michaels,3.0,6.0,0.0,8.0,8.0,0.0,0.0,0.0,0.0,0.0,0.0,0.0,0.0,0.0,0.0,0.0,1.0,0.0,BAL
Luis Zendejas,4.0,5.0,0.0,0.0,0.0,0.0,0.0,0.0,0.0,0.0,0.0,0.0,0.0,0.0,0.0,0.0,1.0,42.0,PHI
Mark Moseley,17.0,31.0,0.0,31.0,32.0,0.0,0.0,0.0,0.0,0.0,0.0,0.0,0.0,0.0,0.0,0.0,5.0,47.0,WASWASWASWASCLE
Martin Gramatica,13.0,14.0,0.0,17.0,17.0,0.0,1.0,1.0,6.0,6.0,3.0,3.0,3.0,2.0,1.0,1.0,5.0,50.0,TBTBTBTBDAL
Mason Crosby,26.0,29.0,0.0,65.0,65.0,0.0,2.0,2.0,6.0,6.0,9.0,9.0,8.0,7.0,4.0,2.0,10.0,56.0,GBGBGBGBGBGBGBGBGBGB
Matt Bahr,21.0,25.0,0.0,40.0,41.0,0.0,0.0,0.0,1.0,1.0,1.0,1.0,0.0,0.0,0.0,0.0,8.0,52.0,PITCLECLECLECLECLENYGNE
Matt Bryant,14.0,15.0,0.0,33.0,34.0,0.0,0.0,0.0,4.0,4.0,6.0,6.0,3.0,2.0,2.0,2.0,7.0,54.0,NYGTBTBATLATLATLATL
Matt Prater,13.0,15.0,0.0,15.0,15.0,0.0,1.0,1.0,3.0,3.0,4.0,4.0,3.0,2.0,4.0,3.0,5.0,54.0,DENDENDENDETDET
Matt Stover,25.0,31.0,1.0,31.0,31.0,0.0,1.0,1.0,9.0,9.0,9.0,8.0,9.0,6.0,3.0,1.0,7.0,51.0,CLEBALBALBALBALBALIND
Michael Husted,2.0,3.0,1.0,3.0,3.0,0.0,0.0,0.0,1.0,1.0,0.0,0.0,2.0,1.0,0.0,0.0,1.0,42.0,TB
Mick Luckhurst,1.0,1.0,0.0,3.0,3.0,0.0,0.0,0.0,0.0,0.0,0.0,0.0,0.0,0.0,0.0,0.0,1.0,41.0,ATL
Mike Badgley,5.0,6.0,1.0,2.0,2.0,0.0,0.0,0.0,1.0,1.0,1.0,1.0,3.0,2.0,1.0,1.0,1.0,53.0,LAC
Mike Bragg,1.0,1.0,0.0,1.0,1.0,0.0,0.0,0.0,0.0,0.0,0.0,0.0,0.0,0.0,0.0,0.0,1.0,0.0,WAS
Mike Clark,9.0,16.0,0.0,14.0,14.0,0.0,0.0,0.0,0.0,0.0,0.0,0.0,0.0,0.0,0.0,0.0,4.0,0.0,DALDALDALDAL
Mike Cofer,12.0,19.0,0.0,42.0,46.0,0.0,0.0,0.0,3.0,3.0,1.0,1.0,2.0,1.0,0.0,0.0,5.0,47.0,SFSFSFSFSF
Mike Hollis,16.0,18.0,0.0,22.0,22.0,0.0,0.0,0.0,7.0,7.0,6.0,5.0,4.0,4.0,1.0,0.0,4.0,46.0,JACJACJACJAC
Mike Lansford,9.0,12.0,0.0,14.0,14.0,0.0,0.0,0.0,0.0,0.0,0.0,0.0,0.0,0.0,0.0,0.0,6.0,43.0,RAMRAMRAMRAMRAMRAM
Mike Mercer,2.0,4.0,0.0,5.0,5.0,0.0,0.0,0.0,0.0,0.0,0.0,0.0,0.0,0.0,0.0,0.0,1.0,0.0,KC
Mike Michel,0.0,2.0,0.0,1.0,2.0,0.0,0.0,0.0,0.0,0.0,0.0,0.0,0.0,0.0,0.0,0.0,1.0,0.0,PHI
Mike Nugent,7.0,8.0,0.0,5.0,5.0,0.0,0.0,0.0,2.0,2.0,3.0,3.0,1.0,1.0,2.0,1.0,5.0,57.0,NYJCINCINCINCIN
Mike Vanderjagt,11.0,14.0,0.0,21.0,21.0,0.0,0.0,0.0,5.0,5.0,2.0,2.0,6.0,3.0,1.0,1.0,6.0,50.0,INDINDINDINDINDIND
Mike Wood,0.0,1.0,0.0,2.0,2.0,0.0,0.0,0.0,0.0,0.0,0.0,0.0,0.0,0.0,0.0,0.0,1.0,0.0,SD
Morten Andersen,18.0,23.0,1.0,23.0,23.0,0.0,0.0,0.0,8.0,6.0,8.0,7.0,2.0,2.0,0.0,0.0,8.0,47.0,NONONONOATLATLKCMIN
Nate Kaeding,8.0,15.0,0.0,18.0,18.0,0.0,0.0,0.0,5.0,5.0,2.0,1.0,6.0,2.0,2.0,0.0,5.0,42.0,SDSDSDSDSD
Neil O'Donoghue,2.0,5.0,0.0,4.0,5.0,0.0,0.0,0.0,0.0,0.0,0.0,0.0,0.0,0.0,0.0,0.0,2.0,40.0,TBSTL
Neil Rackers,9.0,14.0,0.0,26.0,26.0,0.0,0.0,0.0,2.0,2.0,5.0,4.0,3.0,3.0,4.0,0.0,3.0,49.0,ARIARIHOU
Nick Folk,5.0,6.0,0.0,11.0,11.0,0.0,0.0,0.0,1.0,1.0,4.0,3.0,1.0,1.0,0.0,0.0,3.0,42.0,DALNYJNE
Nick Lowery,8.0,12.0,0.0,13.0,14.0,0.0,1.0,1.0,1.0,1.0,4.0,3.0,2.0,0.0,0.0,0.0,4.0,38.0,KCKCKCKC
Nick Mike-Mayer,1.0,4.0,0.0,9.0,9.0,0.0,0.0,0.0,0.0,0.0,0.0,0.0,0.0,0.0,0.0,0.0,2.0,29.0,BUFBUF
Nick Novak,8.0,9.0,0.0,9.0,9.0,0.0,0.0,0.0,3.0,3.0,3.0,3.0,1.0,1.0,2.0,1.0,2.0,50.0,SDHOU
Norm Johnson,20.0,26.0,1.0,34.0,35.0,0.0,0.0,0.0,2.0,2.0,7.0,6.0,5.0,3.0,2.0,1.0,8.0,50.0,SEASEASEASEAATLPITPITPIT
Olindo Mare,12.0,14.0,0.0,14.0,14.0,0.0,0.0,0.0,4.0,3.0,8.0,7.0,1.0,1.0,1.0,1.0,6.0,50.0,MIAMIAMIAMIAMIASEA
Pat Leahy,8.0,10.0,0.0,19.0,19.0,0.0,0.0,0.0,0.0,0.0,0.0,0.0,0.0,0.0,0.0,0.0,4.0,47.0,NYJNYJNYJNYJ
Paul Edinger,1.0,1.0,0.0,2.0,2.0,0.0,0.0,0.0,0.0,0.0,1.0,1.0,0.0,0.0,0.0,0.0,1.0,38.0,CHI
Pete Stoyanovich,8.0,12.0,0.0,20.0,20.0,0.0,0.0,0.0,2.0,2.0,0.0,0.0,4.0,2.0,2.0,1.0,5.0,58.0,MIAMIAMIAMIAKC
Phil Dawson,9.0,9.0,0.0,9.0,9.0,0.0,0.0,0.0,4.0,4.0,4.0,4.0,1.0,1.0,0.0,0.0,2.0,49.0,CLESF
Rafael Septien,18.0,21.0,0.0,41.0,41.0,0.0,0.0,0.0,0.0,0.0,0.0,0.0,0.0,0.0,0.0,0.0,7.0,50.0,LADALDALDALDALDALDAL
Raul Allegre,5.0,5.0,0.0,15.0,16.0,0.0,0.0,0.0,0.0,0.0,1.0,1.0,0.0,0.0,0.0,0.0,3.0,47.0,NYGNYGNYJ
Ray Mansfield,0.0,0.0,0.0,2.0,2.0,0.0,0.0,0.0,0.0,0.0,0.0,0.0,0.0,0.0,0.0,0.0,1.0,0.0,PIT
Ray Wersching,13.0,22.0,0.0,30.0,30.0,0.0,0.0,0.0,0.0,0.0,0.0,0.0,0.0,0.0,0.0,0.0,6.0,43.0,SFSFSFSFSFSF
Rich Karlis,14.0,20.0,0.0,20.0,20.0,0.0,0.0,0.0,0.0,0.0,0.0,0.0,0.0,0.0,0.0,0.0,5.0,48.0,DENDENDENDENMIN
Richie Cunningham,0.0,1.0,0.0,1.0,1.0,0.0,0.0,0.0,0.0,0.0,1.0,0.0,0.0,0.0,0.0,0.0,1.0,0.0,DAL
Rick Danmeier,4.0,5.0,0.0,7.0,7.0,0.0,0.0,0.0,0.0,0.0,0.0,0.0,0.0,0.0,0.0,0.0,3.0,42.0,MINMINMIN
Rob Bironas,3.0,5.0,0.0,1.0,1.0,0.0,0.0,0.0,1.0,1.0,2.0,1.0,1.0,1.0,1.0,0.0,2.0,44.0,TENTEN
Robbie Gould,15.0,15.0,0.0,29.0,29.0,0.0,1.0,1.0,4.0,4.0,2.0,2.0,7.0,7.0,1.0,1.0,5.0,54.0,CHICHICHINYGSF
Roger Ruzek,5.0,6.0,0.0,6.0,6.0,0.0,0.0,0.0,0.0,0.0,2.0,2.0,1.0,1.0,0.0,0.0,3.0,40.0,PHIPHIPHI
Rolf Benirschke,7.0,12.0,0.0,16.0,17.0,0.0,0.0,0.0,0.0,0.0,0.0,0.0,0.0,0.0,0.0,0.0,3.0,32.0,SDSDSD
Roy Gerela,15.0,26.0,0.0,37.0,42.0,0.0,0.0,0.0,0.0,0.0,0.0,0.0,0.0,0.0,0.0,0.0,8.0,45.0,HOUPITPITPITPITPITPITPIT
Ryan Longwell,17.0,23.0,0.0,34.0,35.0,1.0,1.0,1.0,11.0,10.0,3.0,3.0,7.0,3.0,1.0,0.0,9.0,45.0,GBGBGBGBGBGBMINMINSEA
Ryan Succop,4.0,4.0,0.0,9.0,9.0,0.0,1.0,1.0,0.0,0.0,0.0,0.0,3.0,3.0,0.0,0.0,3.0,49.0,KCKCTEN
Sam Ficken,2.0,2.0,0.0,1.0,1.0,0.0,0.0,0.0,0.0,0.0,2.0,2.0,0.0,0.0,0.0,0.0,1.0,35.0,LA
Scott Norwood,13.0,18.0,0.0,27.0,29.0,0.0,0.0,0.0,2.0,2.0,1.0,1.0,2.0,2.0,0.0,0.0,4.0,47.0,BUFBUFBUFBUF
Scott Sisson,0.0,0.0,0.0,1.0,1.0,0.0,0.0,0.0,0.0,0.0,0.0,0.0,0.0,0.0,0.0,0.0,1.0,0.0,MIN
Sebastian Janikowski,16.0,19.0,0.0,17.0,17.0,0.0,0.0,0.0,5.0,4.0,6.0,6.0,6.0,6.0,2.0,0.0,5.0,45.0,OAKOAKOAKOAKSEA
Shaun Suisham,12.0,17.0,0.0,17.0,17.0,0.0,0.0,0.0,3.0,3.0,6.0,5.0,7.0,4.0,1.0,0.0,5.0,48.0,WASDALPITPITPIT
Shayne Graham,13.0,17.0,0.0,11.0,11.0,0.0,0.0,0.0,6.0,5.0,6.0,5.0,4.0,2.0,1.0,1.0,5.0,55.0,CINCINNEHOUNO
Stephen Gostkowski,39.0,44.0,0.0,88.0,92.0,0.0,1.0,1.0,13.0,12.0,14.0,13.0,14.0,12.0,2.0,1.0,11.0,50.0,NENENENENENENENENENENE
Stephen Hauschka,24.0,25.0,0.0,28.0,29.0,0.0,0.0,0.0,6.0,6.0,10.0,10.0,8.0,8.0,1.0,0.0,7.0,49.0,SEASEASEASEASEABUFBUF
Steve Christie,22.0,25.0,0.0,31.0,33.0,1.0,1.0,1.0,8.0,8.0,8.0,7.0,6.0,5.0,2.0,1.0,6.0,54.0,BUFBUFBUFBUFBUFBUF
Steve Cox,0.0,1.0,0.0,0.0,0.0,0.0,0.0,0.0,0.0,0.0,0.0,0.0,0.0,0.0,0.0,0.0,1.0,0.0,WAS
Teddy Garcia,0.0,0.0,0.0,2.0,2.0,0.0,0.0,0.0,0.0,0.0,0.0,0.0,0.0,0.0,0.0,0.0,1.0,0.0,HOU
Tim Mazzetti,4.0,5.0,0.0,7.0,7.0,0.0,0.0,0.0,0.0,0.0,0.0,0.0,0.0,0.0,0.0,0.0,2.0,42.0,ATLATL
Toby Gowin,0.0,1.0,0.0,0.0,0.0,0.0,0.0,0.0,0.0,0.0,0.0,0.0,0.0,0.0,1.0,0.0,1.0,0.0,DAL
Todd Peterson,1.0,1.0,0.0,2.0,2.0,0.0,0.0,0.0,0.0,0.0,0.0,0.0,0.0,0.0,1.0,1.0,1.0,50.0,SEA
Tom Dempsey,0.0,4.0,0.0,9.0,10.0,0.0,0.0,0.0,0.0,0.0,0.0,0.0,0.0,0.0,0.0,0.0,2.0,0.0,LALA
Toni Fritsch,20.0,25.0,0.0,26.0,26.0,0.0,0.0,0.0,0.0,0.0,0.0,0.0,0.0,0.0,0.0,0.0,6.0,40.0,DALDALDALHOUHOUHOU
Toni Linhart,2.0,2.0,0.0,7.0,7.0,0.0,0.0,0.0,0.0,0.0,0.0,0.0,0.0,0.0,0.0,0.0,3.0,36.0,BALBALBAL
Tony Franklin,16.0,22.0,0.0,27.0,27.0,0.0,0.0,0.0,0.0,0.0,0.0,0.0,0.0,0.0,0.0,0.0,5.0,45.0,PHIPHIPHINENE
Tony Zendejas,9.0,14.0,0.0,9.0,9.0,0.0,0.0,0.0,0.0,0.0,0.0,0.0,0.0,0.0,0.0,0.0,3.0,49.0,HOUHOUHOU
Uwe von Schamann,9.0,15.0,0.0,32.0,33.0,0.0,0.0,0.0,0.0,0.0,0.0,0.0,0.0,0.0,0.0,0.0,5.0,37.0,MIAMIAMIAMIAMIA
Wade Richey,4.0,4.0,0.0,4.0,4.0,0.0,0.0,0.0,0.0,0.0,2.0,2.0,2.0,2.0,0.0,0.0,1.0,48.0,SF
Wil Lutz,9.0,12.0,0.0,13.0,13.0,0.0,0.0,0.0,2.0,2.0,3.0,3.0,4.0,3.0,3.0,1.0,3.0,57.0,NONONO
